condition,growth_rate_pct,data_source,confidence,ed_visits_2024,ed_visits_2034_projected,admissions_2024,admissions_2034_projected,avoidable_admissions_2034,avoidable_cost_2034,avg_cost_per_admission,effective_physician_capacity_fte,gap_ratio_2034,gap_severity,required_capacity_fte,capacity_gap_fte
Mental Health,3.5000000000000004,Estimated (mental health crisis trends),0.3,500000,705299.3803105605,2500,3526.4969015528027,881.6242253882007,10579490.704658408,12000.0,3971.569593988533,0.8879353157730374,LOW,3526.4969015528022,-445.0726924357309
COPD,2.5,CIHI Patient Cost Estimator (DAD),0.6,150000,192012.6816294535,760,972.864253589231,437.78891411515394,6917064.843019432,15800.0,3335.0866946808383,0.287867601666392,LOW,960.0634081472676,-2375.0232865335706
Chronic Kidney Disease,1.5661068253373989,CIHI Patient Cost Estimator (DAD),0.6,80000,93449.72837841928,800,934.4972837841927,327.07404932446747,6050869.912502648,18500.0,2418.596972964021,0.1931899556293074,LOW,467.2486418920964,-1951.348331071924
Pneumonia,0.11,CIHI ED Supplementary 2003-2021,0.95,220000,222432.01420613105,1154,1166.7570199721602,350.02710599164806,5875204.974069812,16785.0,3852.072117196814,0.2887173545026939,LOW,1112.1600710306552,-2739.9120461661587
Heart Failure,3.42,CIHI ED Supplementary 2003-2021 (AMI proxy),0.75,120000,167968.01133985555,386,540.297103143202,216.1188412572808,3717244.0696252296,17200.0,2186.0315238625303,0.3841847876078897,LOW,839.8400566992777,-1346.1914671632526
Stroke,1.5,CIHI Patient Cost Estimator (DAD),0.6,90000,104448.67425226342,500,580.2704125125745,162.47571550352086,3574465.741077459,22000.0,1728.1671070563075,0.3021949492783056,LOW,522.2433712613171,-1205.9237357949903
Type 2 Diabetes,1.8000000000000005,Original assumption (population growth + aging),0.4,180000,215154.42630258016,344,411.1840147115976,156.2499255904071,2218748.943383781,14200.0,5371.261306387181,0.200282963376527,LOW,1075.7721315129008,-4295.48917487428
Hypertension,1.5,Estimated (low acute severity),0.4,100000,116054.0825025149,200,232.1081650050298,97.48542930211252,1121082.4369742938,11500.0,6687.33141611528,0.0867715948867474,LOW,580.2704125125745,-6107.061003602706
